A Short History of Nearly Everything,read,19,Bill Bryson,William Roberts,non-fiction,2009,2009,u,,6
Electric Universe,read,6.63,David Bodanis,Del Roy,non-fiction,2009,2009,u,,5 
Uranium,read,13.000000,Tom Zoellner,Patrick Lawlor,non-fiction,2009,2009,u,Nuclear,6
Do Androids Dream of Electric Sheep,read,9.2,Philip K. Dick,Scott Brick,fiction,2009,2009,u,,4 
Physics of the Impossible,read,11.86,Michio Kaku,Feodor Chin,non-fiction,2009,2009,u,,4 
The God Delusion,read,13.86,Richard Dawkins,Richard Dawkins,non-fiction,2009,2009,u,,4 
iWoz,read,9.183332,Steve Wozniak,Patrick Lawlor,non-fiction,2009,2009,u,Memoirs,6
The Black Cloud,read,8.46,Fred Hoyle,Jack Klaff,fiction,2009,2009,u,,4 
Your Inner Fish,read,6.98,Neil Shubin,Marc Cashman,non-fiction,2009,2009,u,,4 
How We Decide,read,9.55,Jonah Lehrer,David Colacci,non-fiction,2009,2009,u,,5 
The Elegant Universe,read,15.6,Brian Greene,Erik Davies,non-fiction,2009,2009,u,,1 
Europe's Last Summer,read,10.93,David Fromkin,Alan Sklar,non-fiction,2009,2009,u,,2 
Dexter by Design,read,10.63,Jeff Lindsay,Nick Landrum,fiction,2009,2009,u,Dexter,5 
The Greatest Show on Earth,read,14.58,Richard Dawkins,Richard Dawkins,non-fiction,2009,2009,u,,4 
Love and Sex with Robots,read,11.45,David Levy,James Adams,non-fiction,2009,2009,u,,5 
13 Things That Don't Make Sense,read,8.96,Michael Brooks,James Adams,non-fiction,2009,2009,u,,5 
FREE,read,7.03,Chris Anderson,Chris Anderson,non-fiction,2009,2009,u,,3 
How to Build a Dinosaur,read,6.58,Jack Horner,Patrick Lawlor,non-fiction,2009,2009,u,,4 
The Areas of My Expertise,read,6.95,John Hodgman,John Hodgman,fiction,2009,2009,u,Complete World Knowledge,5 
More Information Than You Require,read,12.8,John Hodgman,John Hodgman,fiction,2009,2009,u,Complete World Knowledge,5 
The Department of Mad Scientists,read,10.2,Michael Belfiore,Michael Belfiore,non-fiction,2009,2009,u,,3 
Gift of the Gods,read,1.2,Sally Malcolm,Michael Shanks,fiction,2009,2009,u,Stargate,3 
Darkly Dreaming Dexter,read,8.3,Jeff Lindsay,Nick Landrum,fiction,2010,2010,u,Dexter,5 
Before the Dawn,read,12.8,Nicholas Wade,Alan Sklar,non-fiction,2010,2010,u,,4 
The Life and Times of the Thunderbolt Kid,read,7.616666,Bill Bryson,Bill Bryson,non-fiction,2010,2010,u,Memoirs,5 
New Rules,read,2.51,Bill Maher,Bill Maher,fiction,2010,2010,u,,4 
Notes from a Small Island,read,5.65,Bill Bryson,Bill Bryson,non-fiction,2010,2010,a,,5 
Neither Here Nor There,read,5.63,Bill Bryson,Bill Bryson,non-fiction,2010,2010,a,,5 
I'm a Stranger Here Myself,read,5.96,Bill Bryson,Bill Bryson,non-fiction,2010,2010,a,,5 
God Is Not Great,read,8.85,Christopher Hitchens,Christopher Hitchens,non-fiction,2010,2010,u,,5 
In a Sunburned Country,read,11.9,Bill Bryson,Bill Bryson,non-fiction,2010,2010,u,,6
Tomorrow When the War Began,read,7.33,John Marsden,Suzi Dougherty,fiction,2010,2010,u,,2 
Bad Science,read,13.16,Ben Goldacre,Rupert Farley,non-fiction,2010,2010,u,,4 
Proust Was a Neuroscientist,read,7.73,Jonah Lehrer,Dan John Miller,non-fiction,2010,2010,u,,1 
Bad Ideas,read,6.46,Robert Winston,Robert Winston,non-fiction,2010,2010,u,,4 
At Home,read,16.63,Bill Bryson,Bill Bryson,non-fiction,2010,2010,u,,6
A Walk in the Woods,read,9.75,Bill Bryson,Bill Bryson,non-fiction,2010,2010,u,,5 
Moab Is My Washpot,read,11.550000,Stephen Fry,Stephen Fry,non-fiction,2010,2010,u,The Fry Chronicles,5 
The Most Powerful Idea in the World,read,13.48,William Rosen,Michael Prichard,non-fiction,2010,2010,u,,1 
Mona Lisa Overdrive,read,10.83,William Gibson,Jonathan Davis,fiction,2010,2010,u,,1 
Made in America,read,18.23,Bill Bryson,Bill Bryson,non-fiction,2010,2010,u,,5 
Jon Stewart Presents Earth,read,3.63,Jon Stewart,Jon Stewart,fiction,2010,2010,u,,4 
The Fry Chronicles,read,12.450001,Stephen Fry,Stephen Fry,non-fiction,2010,2010,u,The Fry Chronicles,5 
The Tipping Point,read,8.63,Malcolm Gladwell,Malcolm Gladwell,non-fiction,2010,2010,u,,3 
Nerd Do Well,read,4.800000,Simon Pegg,Simon Pegg,non-fiction,2010,2010,a,Memoirs,5 
Shakespeare,read,5.46,Bill Bryson,Bill Bryson,non-fiction,2010,2010,u,,5 
Hitch-22,read,17.549999,Christopher Hitchens,Christopher Hitchens,non-fiction,2010,2010,u,Memoirs,2 
I Know I Am But What Are You,read,6.316667,Samantha Bee,Samantha Bee,non-fiction,2010,2010,u,Memoirs,3 
Nothing's Sacred,read,5.95,Lewis Black,Lewis Black,non-fiction,2010,2010,u,,4 
The Lost Continent,read,10.2,Bill Bryson,William Roberts,non-fiction,2010,2010,u,,5 
Pandora's Star,read,37.43,Peter F. Hamilton,John Lee,fiction,2011,2011,u,Commonwealth Saga,6
Cradle to Cradle,read,5.13,William McDonough,Stephen Hoye,non-fiction,2011,2011,u,,4 
America,read,3.76,Jon Stewart,Jon Stewart,fiction,2011,2011,u,,3 
Journeys in English,read,2.450000,Bill Bryson,Bill Bryson,non-fiction,2011,2011,u,,5 
Judas Unchained,read,41,Peter F. Hamilton,John Lee,fiction,2011,2011,u,Commonwealth Saga,6
The Darwin Awards,read,3.56,Wendy Northcutt,Jason Harris,non-fiction,2011,2011,u,The Darwin Awards,3 
Freakonomics,read,6.91,Steven D. Levitt,Stephen J. Dubner,non-fiction,2011,2011,u,,4 
Salt,read,13.71,Mark Kurlansky,Scott Brick,non-fiction,2011,2011,u,,2 
The Most Human Human,read,9.66,Brian Christian,Brian Christian,non-fiction,2011,2011,u,,3 
Physics of the Future,read,15.71,Michio Kaku,Feodor Chin,non-fiction,2011,2011,u,,4 
Parallel Worlds,read,14.91,Michio Kaku,Marc Vietor,non-fiction,2011,2011,u,,4 
Bossypants,read,5.566667,Tina Fey,Tina Fey,non-fiction,2011,2011,u,Memoirs,3 
The Dreaming Void,read,22.63,Peter F. Hamilton,John Lee,fiction,2011,2011,u,Void Trilogy,5 
Dearly Devoted Dexter,read,9.4,Jeff Lindsay,Nick Landrum,fiction,2011,2011,u,Dexter,3 
The National Parks,read,15.62,Ken Burns,Ken Burns,non-fiction,2011,2011,u,,3 
Red November,read,12.616667,W. Craig Reed,Tom Weiner,non-fiction,2011,2012,u,The Cold War,5 
The Psychopath Test,read,7.55,Jon Ronson,Jon Ronson,non-fiction,2011,2011,u,,6
Area 51,read,16.18,Annie Jacobsen,Annie Jacobsen,non-fiction,2011,2011,u,,5 
The Dead Hand,read,20.816666,David E. Hoffman,Bob Walter,non-fiction,2011,2012,u,The Cold War,4 
The Temporal Void,read,25.25,Peter F. Hamilton,John Lee,fiction,2011,2011,u,Void Trilogy,5 
The Evolutionary Void,read,24.75,Peter F. Hamilton,John Lee,fiction,2011,2011,u,Void Trilogy,4 
The Rise and Fall of the Third Reich,read,57.216667,William L. Shirer,Grover Gardner,non-fiction,2011,2014,u,WWII,6
Dexter in the Dark,read,12.6,Jeff Lindsay,Nick Landrum,fiction,2011,2011,u,Dexter,2 
I'm Dreaming of a Black Christmas,read,4.94,Lewis Black,Lewis Black,non-fiction,2011,2011,u,,5 
Me of Little Faith,read,5.8,Lewis Black,Lewis Black,non-fiction,2011,2011,u,,5 
The Blind Watchmaker,read,14.7,Richard Dawkins,Richard Dawkins,non-fiction,2011,2011,u,,3 
The Mother Tongue,read,11.650001,Bill Bryson,Stephen McLaughin,Non-Fiction,2011,2011,u,,5 
Consider Phlebas,read,16.5,Iain M. Banks,Peter Kenny,fiction,2011,2012,u,Culture,6
The Player of Games,read,11.44,Iain M. Banks,Peter Kenny,fiction,2011,2012,u,Culture,6
Boomerang,read,7.23,Michael Lewis,Dylan Baker,non-fiction,2011,2011,u,,4 
God No!,read,7.38,Penn Jillette,Penn Jillette,non-fiction,2011,2011,u,Atheism with Penn Jillette,5 
That Use to Be Us,read,16.96,Thomas L. Friedman,Jason Culp,non-fiction,2011,2012,u,,4 
Bad Astronomy,read,9.633333,Philip Plait,Kevin Scullin,non-fiction,2011,2011,u,Space,5 
Dexter Is Delicious,read,11.34,Jeff Lindsay,Jeff Lindsay,fiction,2011,2012,u,Dexter,4 
Steve Jobs,read,25.133333,Walter Isaacson,Dylan Baker,non-fiction,2011,2011,u,Steve Jobs,5 
The Magic of Reality,read,6.4,Richard Dawkins,Richard Dawkins,non-fiction,2011,2011,u,,4 
Ghost in the Wires,read,14,Kevin Mitnick,Ray Porter,non-fiction,2011,2011,u,,4 
The Yugo,read,8.95,Jason Vuic,Erik Synnestvedt,non-fiction,2011,2011,u,,3 
Long Way Down,read,3,Ewan McGregor,Mark Bonnar,non-fiction,2011,2011,a,Long Way,5 
Long Way Round,read,5.94,Ewan McGregor,Mark Bonnar,non-fiction,2011,2011,a,Long Way,5 
Bill Bryson's African Diary,read,1.5,Bill Bryson,Bill Bryson,non-fiction,2011,2011,u,,5 
The Call of the Weird,read,3.8,Louis Theroux,Louis Theroux,non-fiction,2012,2012,u,,6
The Clockwork Universe,read,10.12,Edward Dolnick,Alan Sklar,non-fiction,2012,2012,u,,4 
The 4 Percent Universe,read,10.12,Richard Panek,Ray Porter,non-fiction,2012,2012,u,,2 
1984,read,11.42,George Orwell,Simon Prebble,fiction,2012,2012,u,,6
The Untold History of the Potato,read,11.87,John Reader,Martin Hyder,non-fiction,2012,2012,u,,5 
Born in Africa,read,6.95,Martin Meredith,Joe Barrett,non-fiction,2012,2012,u,,2 
The Sociopath Next Door,read,7.44,Martha Stout,Shelly Frasier,non-fiction,2012,2012,u,,5 
The Liar,read,8.5,Stephen Fry,Stephen Fry,fiction,2012,2012,u,,5 
By Any Means,read,3.26,Charley Boorman,Rupert Degas,non-fiction,2012,2012,a,,5 
Manhattan in Reverse,read,10.38,Peter F. Hamilton,Sean Barrett,fiction,2012,2012,u,,3 
The Hippopotamus,read,9,Stephen Fry,Stephen Fry,fiction,2012,2012,u,,5 
Surface Detail,read,22.38,Iain M. Banks,Peter Kenny,fiction,2012,2012,u,Culture,6
Irrationality,read,10.53,Stuart Sutherland,Kris Dyer,non-fiction,2012,2013,u,,4 
A Whole New Mind,read,6.32,Daniel H. Pink,Daniel H. Pink,non-fiction,2012,2013,u,,2 
The Man Who Mistook His Wife for a Hat,read,9.6,Oliver Sacks,Oliver Sacks,non-fiction,2012,2012,u,,3 
Quantum Theory Cannot Hurt You,read,6,Marcus Chown,Clive Mantle,non-fiction,2012,2012,u,,4 
Don't Tell Mum I Work on the Rigs,read,4.166667,Paul Carter,Paul Carter,non-fiction,2012,2012,u,Memoirs,5 
Enough,read,11.85,Roger Thurow,Tavia Gilbert,non-fiction,2012,2013,u,,3 
The Structure of Scientific Revolutions,read,9.18,Thomas S. Kuhn,Dennis Holland,non-fiction,2012,2013,u,,1 
The Darwin Awards II,read,3.18,Wendy Northcutt,Jason Harris,non-fiction,2012,2012,u,The Darwin Awards,1 
Yes!,read,6.55,Noah Goldstein,Clive Mantle,non-fiction,2012,2012,u,,4 
In Deep Water,read,4.42,Peter Lehner,Tom Weiner,non-fiction,2012,2012,u,,5 
This is Not a Drill,read,4.566667,Paul Carter,Paul Carter,non-fiction,2012,2012,u,Memoirs,5 
Is That Thing Diesel,read,5.700000,Paul Carter,Paul Carter,non-fiction,2012,2012,u,Memoirs,5 
On Intelligence,read,9.4,Jeff Hawkins,Jeff Hawkins,non-fiction,2012,2013,u,,4 
Beyond Band of Brothers,read,9.933334,Dick Winters,Tom Weiner,non-fiction,2012,2012,u,WWII,5 
The Conundrum,read,5.66,David Owen,Patrick Lawlor,non-fiction,2012,2012,u,,4 
Going Solo,read,8.66,Eric Klinenberg,Patrick Lawlor,non-fiction,2012,2013,u,,3 
Green Metropolis,read,9.82,David Owen,Patrick Lawlor,non-fiction,2012,2013,u,,3 
The Stars' Tennis Balls,read,10,Stephen Fry,Stephen Fry,fiction,2012,2012,u,,5 
We Are Anonymous,read,14.26,Parmy Olson,Abby Craden,non-fiction,2012,2012,u,,4 
Tough Shit,read,6.000000,Kevin Smith,Kevin Smith,non-fiction,2012,2012,u,Memoirs,5 
When Worlds Collide,read,10.000000,Philip Wylie,Peter Ganim,fiction,2012,2013,u,Worlds Collide,4 
After Worlds Collide,read,9.249999,Philip Wylie,Peter Ganim,fiction,2012,2013,u,Worlds Collide,4 
Monkey Mind,read,7.25,Daniel Smith,Paul Michael Garcia,non-fiction,2012,2012,u,,5 
Who's in Charge,read,8.066667,Michael S. Gazzaniga,Pete Larkin,non-fiction,2012,2013,u,,1 
Maphead,read,10.45,Ken Jennings,Kirby Heyborne,non-fiction,2012,2013,u,,4 
Death by Black Hole,read,12.14,Neil deGrasse Tyson,Dion Graham,non-fiction,2012,2013,u,,4 
Why Is the Penis Shaped Like That,read,6.933333,Jesse Bering,Jesse Bering,non-fiction,2012,2012,u,,5 
Alan Turing The Enigma,read,33.716667,Andrew Hodges,Gordon Griffin,non-fiction,2012,2016,u,WWII,3
Year Zero,read,9.866668,Rob Reid,John Hodgman,fiction,2012,2012,u,,6
Wired for War,read,20.5,P. W. Singer,William Hughes,non-fiction,2012,2013,u,,4 
The Last Battle,read,15.816667,Cornelius Ryan,Simon Vance,non-fiction,2012,2012,u,WWII,4 
You Are Not So Smart,read,8.4,David McRaney,Don Hagen,non-fiction,2012,2013,u,,4 
The Devil's Highway,read,8.94,Luis Alberto Urrea,Luis Alberto Urrea,non-fiction,2012,2012,u,,3 
Enterprise Americas Fightingest Ship,read,10.550000,Barrett Tillman,Tom Weiner,non-fiction,2012,2012,u,WWII,5 
Total Recall,read,23.416666,Arnold Schwarzenegger,Arnold Schwarzenegger,non-fiction,2012,2013,u,Memoirs,4 
That Is All,read,16.66,John Hodgman,John Hodgman,fiction,2012,2012,u,Complete World Knowledge,3 
The Hydrogen Sonata,read,17.250000,Iain M. Banks,Peter Kenny,fiction,2012,2012,u,Culture,4 
Against a Dark Background,unread,18.28,Iain M. Banks,Peter Kenny,fiction,2012,,u,, 
Use of Weapons,read,13.47,Iain M. Banks,Peter Kenny,fiction,2012,2015,u,Culture,4
The Steep Approach to Garbadale,unread,13.750000,Iain M. Banks,Peter Kenny,fiction,2012,,u,Iain Banks, 
Paperweight Volume 1,read,3.000000,Stephen Fry,Stephen Fry,fiction,2012,2012,u,Paperweight,5 
Paperweight Volume 2,read,3.000000,Stephen Fry,Stephen Fry,fiction,2012,2012,u,Paperweight,4 
Stonemouth,read,11.066667,Iain M. Banks,Peter Kenny,fiction,2012,2013,u,Iain Banks,4 
The Family Portrait,read,0.5,Jon Ronson,Jon Ronson,non-fiction,2012,2012,u,,5 
Them Adventures with Extremists,read,8.249999,Jon Ronson,Jon Ronson,non-fiction,2012,2012,u,,5 
Lost at Sea,read,13,Jon Ronson,Jon Ronson,non-fiction,2012,2012,u,,5 
Transition,read,13.62,Iain M. Banks,Peter Kenny,fiction,2012,2013,u,,5 
The Wasp Factory,read,6.166667,Iain M. Banks,Peter Kenny,fiction,2012,2013,u,Iain Banks,5 
Mindstar Rising,read,14.86,Peter F. Hamilton,Toby Longworth,fiction,2012,2013,u,Greg Mandel,4 
Every Day is an Atheist Holiday!,read,7.86,Penn Jillette,Penn Jillette,non-fiction,2012,2012,u,Atheism with Penn Jillette,5 
Great North Road,read,36.62,Peter F. Hamilton,Toby Longworth,fiction,2013,2013,u,,6
The Pluto Files,read,4.400000,Neil deGrasse Tyson,Mirron Willis,non-fiction,2013,2013,u,Space,2 
A Quantum Murder,read,11.87,Peter F. Hamilton,Toby Longworth,fiction,2013,2013,u,Greg Mandel,3 
The Nano Flower,read,18.250000,Peter F. Hamilton,Toby Longworth,fiction,2013,2013,u,Greg Mandel,4 
On the Map,read,11.75,Simon Garfield,Simon Shepherd,non-fiction,2013,2013,u,,4 
Makers,read,8.33,Chris Anderson,Rene Ruiz,non-fiction,2013,2013,u,,3 
Let's Explore Diabetes with Owls,read,6.42,David Sedaris,David Sedaris,non-fiction,2013,2013,u,,5 
The Great Gatsby,read,4.82,F. Scott Fitzgerald,Jake Gyllenhaal,fiction,2013,2013,u,,1 
Dress Your Family in Corduroy and Denim,read,6.14,David Sedaris,David Sedaris,non-fiction,2013,2013,u,,5 
Me Talk Pretty One Day,read,5.85,David Sedaris,David Sedaris,non-fiction,2013,2013,a,,5 
When You Are Engulfed in Flames,read,9,David Sedaris,David Sedaris,non-fiction,2013,2013,u,,5 
Naked,read,3,David Sedaris,David Sedaris,non-fiction,2013,2013,a,,3 
Moon Shot,read,10.883333,Dan Parry,John Chancer,non-fiction,2013,2013,u,Space,5 
Mud Sweat and Tears,read,9.416667,Bear Grylls,Tom Patrick Stephens,non-fiction,2013,2013,u,Memoirs,4 
Holidays on Ice,read,4.32,David Sedaris,David Sedaris,non-fiction,2013,2013,u,,4 
Country Driving,read,16.56,Peter Hessler,Peter Berkrot,non-fiction,2013,2013,u,,3 
A Game of Thrones,read,33.816669,George R. R. Martin,Roy Dotrice,fiction,2013,2013,u,Song of Ice and Fire,2 
Exploding the Phone,read,12.183332,Phil Lapsley,Johann North,Non-fiction,2013,2013,u,,4 
The Commitment,read,9.816667,Dan Savage,Paul Michael Garcia,Non-fiction,2013,2013,u,,3 
One Summer,read,17.050001,Bill Bryson,Bill Bryson,Non-fiction,2013,2013,u,,6
Dimension of Miracles,read,5.333333,Robert Sheckley,John Hodgman,Fiction,2013,2014,u,,3 
The Paradox of Choice,read,7.1,Barry Schwartz,Ken Kliban,Non-fiction,2013,2013,u,,1 
An Appetite for Wonder,read,7.933333,Richard Dawkins,Richard Dawkins,Non-fiction,2013,2016,u,Memoirs,2
The Things They Carried,read,7.783333,Tim O'Brien,Bryan Cranston,Non-fiction,2013,2014,u,,2 
Paddle Your Own Canoe,read,10.799999,Nick Offerman,Nick Offerman,Non-fiction,2013,2013,u,Memoirs,3 
The Sixth Extinction,read,9.983334,Elizabeth Kolbert,Anne Twomey,Non-fiction,2014,2014,u,,4 
The Bridge,read,9.300000,Iain M. Banks,Peter Kenny,Fiction,2014,2014,u,Iain Banks,2 
An Astronaut's Guide to Life on Earth,read,8.750000,Chris Hadfield,Chris Hadfield,Non-fiction,2014,2014,u,Memoirs,5 
The Martian,read,10.883333,Andy Weir,R. C. Bray,Fiction,2014,2015,u,,6
Look to Windward,read,12.183332,Iain M. Banks,Peter Kenny,Fiction,2014,2016,u,Culture,4
Inversions,unread,11.433333,Iain M. Banks,Peter Kenny,Fiction,2014,,u,Culture, 
Excession,read,15.883333,Iain M. Banks,Peter Kenny,Fiction,2014,2015,u,Culture,5 
Carsick,read,8.116666,John Waters,John Waters,Non-fiction,2014,2014,u,,5 
Ride Like Hell and You'll Get There,read,5.466667,Paul Carter,Paul Carter,Non-fiction,2014,2015,u,Memoirs,2 
Role Models,read,7.333333,John Waters,John Waters,Non-fiction,2014,2015,u,,3 
The State Of The Art,read,6.316667,Iain M. Banks,Peter Kenny,Fiction,2014,2016,u,Culture,5
Feersum Endjinn,read,9.933334,Iain M. Banks,Peter Kenny,,2014,2017,u,,3
Matter,read,17.983334,Iain M. Banks,Toby Longworth,Fiction,2014,2014,u,Culture,5
The Rising Sun,read,41.133335,John Toland,Tom Weiner,Non-fiction,2014,2016,u,WWII,4
The Innovators,read,17.466667,Walter Isaacson,Dennis Boutsikaris,Non-fiction,2014,2015,u,,5 
Atomic Accidents,read,15.883333,James Mahaffey,Tom Weiner,Non-fiction,2014,2014,u,Nuclear,4 
Flash Boys A Wall Street Revolt,read,10.300000,Michael Lewis,Dylan Baker,Non-fiction,2014,2014,u,,4 
Berlin Diary,read,9.983334,William L. Shirer,Tom Weiner,non-fiction,2014,2015,u,WWII,4 
How We Got To Now,read,6.183333,Steven Johnson,George Newbern,Non-fiction,2014,2015,u,,4 
The Art Of Deception,read,13.683333,Kevin Mitnick,Nick Sullivan,Non-fiction,2014,2017,u,,2
What If,read,6.566667,Randall Munroe,Wil Wheaton,Non-fiction,2014,2015,u,,4 
The Abyss Beyond Dreams,read,22.583334,Peter F. Hamilton,John Lee,Fiction,2014,2015,u,Chronicle Of The Fallers,2 
Yes Please,read,7.500000,Amy Poehler,Amy Poehler,Non-fiction,2014,2015,u,Memoirs,4 
Undeniable,read,9.483334,Bill Nye,Bill Nye,Non-fiction,2014,2017,u,,3
No Land's Man,read,4.366666,Aasif Mandvi,Aasif Mandvi,Non-fiction,2014,2015,u,Memoirs,4 
More Fool Me,read,9.799999,Stephen Fry,Stephen Fry,Non-fiction,2014,2014,u,The Fry Chronicles,1 
Walking On Glass,unread,8.116666,Iain M. Banks,Peter Kenny,Fiction,2015,,u,Iain Banks, 
Espedair Street,unread,8.616667,Iain M. Banks,Peter Kenny,Fiction,2015,,u,Iain Banks, 
Holy Cow,read,2.950000,David Duchovny,David Duchovny,Fiction,2015,2015,u,,5 
Becoming Steve Jobs,read,16.333334,Brent Schlender,George Newbern,Non-fiction,2015,2017,u,Steve Jobs,3
So You've Been Publicly Shamed,read,7.433334,Jon Ronson,Jon Ronson,Non-fiction,2015,2015,u,,6
Fondation,unread,8.616667,Isaac Asimov,Scott Brick,Fiction,2015,,u,Foundation, 
Frank,read,1.333333,Jon Ronson,Jon Ronson,Non-fiction,2015,2015,u,,4 
Going Clear,unread,17.450001,Lawrence Wright,Morton Sellers,Non-fiction,2015,,u,, 
The Quarry,unread,9.300000,Iain M. Banks,Peter Kenny,Non-Fiction,2015,,u,Iain Banks, 
Ready Player One,read,15.750000,Ernest Cline,Wil Wheaton,Non-Fiction,2015,2017,u,,6
The Crow Road,unread,13.683333,Iain M. Banks,Peter Kenny,Non-Fiction,2015,,u,Iain Banks, 
Dead Air,unread,11.516667,Iain M. Banks,Peter Kenny,Fiction,2015,,u,Iain Banks, 
The Algebraist,unread,24.400000,Iain M. Banks,Geoffrey Amis,Fiction,2015,,u,, 
Debt The First 5000 Years,read,17.333334,David Graeber,Grover Gardner,Non-Fiction,2015,2015,u,,1 
You're Never Weird on the Internet (almost),read,6.250000,Felicia Day,Felicia Day,Non-Fiction,2015,2015,u,Memoirs,5 
Inherit The Stars,read,8.049999,James P. Hogan,John Pruden,Fiction,2015,2015,u,Giants,6
Small Gods,read,9.633333,Terry Pratchett,Nigel Planer,Fiction,2015,2015,u,Discworld,2
Canal Dreams,unread,7.800000,Iain M. Banks,Lisa Coleman,Fiction,2015,,u,Iain Banks, 
Truths Half Truths And Little White Lies,unread,8.450001,Nick Frost,Nick Frost,Fiction,2015,,u,Memoirs, 
A Song Of Stone,unread,7.066667,Iain M. Banks,Peter Kenny,Fiction,2015,,u,Iain Banks, 
Whit,unread,13.583334,Iain M. Banks,Helen McAlpine,Fiction,2015,,u,Iain Banks, 
The Business,unread,12.483334,Iain M. Banks,Harriet Kershaw,Fiction,2015,,u,Iain Banks, 
Complicity,read,8.650001,Iain M. Banks,Peter Kenny,Fiction,2015,2016,u,Iain Banks,5
The Pentagon's Brain,read,18.366665,Annie Jacobsen,Annie Jacobsen,Non-Fiction,2015,2016,u,,5
Breaking The Chains Of Gravity,read,10.450001,Amy Shira Teitel,Laurence Bouvard,Non-Fiction,2015,2016,u,Space,5
World In The Balance,read,9.599999,Robert P. Crease,William Roberts,Non-Fiction,2015,2016,u,,5
Operation Paperclip,read,19.433334,Annie Jacobsen,Annie Jacobsen,Non-Fiction,2015,2016,u,WWII,4
Longitude,read,4.333333,Dava Sobel,Kate Reading,Non-Fiction,2015,2015,u,,4
Iron Rails Iron Men And The Race To Link The Nation,read,4.200000,Martin W. Sandler,Grover Gardner,Non-Fiction,2015,2016,u,,5
11-22-63,unread,30.733334,Stephen King,Craig Wasson,Fiction,2015,,u,, 
The Demon In The Freezer,unread,8.650001,Richard Preston,Paul Boehmer,Non-Fiction,2015,,u,, 
The Road To Little Dribbling,read,13.933334,Bill Bryson,Nathan Osgood,Non-Fiction,2015,2015,u,,2
The Andromeda Strain,unread,8.249999,Michael Crichton,David Morse,Fiction,2015,,u,,
Packing For Mars,read,10.450001,Mary Roach,Sandra Burr,Non-Fiction,2015,2017,u,Space,5
Born Standing Up,read,4.050000,Steve Martin,Steve Martin,Non-Fiction,2016,2016,u,Memoirs,5
Red Moon Rising,read,11.650001,Matthew Brzezinski,Charles Stransky,Non-Fiction,2016,2017,u,The Cold War,4
Our Oriental Heritage - Volume 1,read,50.266666,Will Durant,Robin Field,Non-Fiction,2016,2016,u,The Story Of Civilization,3
The Life of Greece - Volume 2,read,32.699997,Will Durant,Stefan Rudnicki,Non-Fiction,2016,2017,u,The Story Of Civilization,5
Caesar and Christ - Volume 3,read,36.516670,Will Durant,Grover Gardner,Non-Fiction,2016,2017,u,The Story Of Civilization,5
The Age of Faith - Volume 4,unread,61.349998,Will Durant,Stefan Rudnicki,Non-Fiction,2016,,u,The Story Of Civilization,
The Renaissance - Volume 5,unread,37.116665,Will Durant,Grover Gardner,Non-Fiction,2016,,u,The Story Of Civilization,
The Reformation - Volume 6,unread,50.133335,Will Durant,Stefan Rudnicki,Non-Fiction,2016,,u,The Story Of Civilization,
The Age of Reason Begins - Volume 7,unread,34.833332,Will Durant,Grover Gardner,Non-Fiction,2016,,u,The Story Of Civilization,
The Age of Louis XIV - Volume 8,unread,36.466663,Will Durant,Stefan Rudnicki,Non-Fiction,2016,,u,The Story Of Civilization,
The Age of Voltaire - Volume 9,unread,42.916664,Will Durant,Grover Gardner,Non-Fiction,2016,,u,The Story Of Civilization,
Rousseau and Revolution - Volume 10,unread,57.450001,Will Durant,Stefan Rudnicki,Non-Fiction,2016,,u,The Story Of Civilization,
The Age of Napoleon - Volume 11,unread,44.516670,Will Durant,Stefan Rudnicki,Non-Fiction,2016,,u,The Story Of Civilization,
Train,read,12.200000,Tom Zoellner,Grover Gardner,Non-Fiction,2016,2016,u,,5
Jurassic Park,unread,15.150001,Michael Crichton,Scott Brick,Fiction,2016,,u,Jurassic Park,
The Reality Dysfunction,unread,41.183334,Peter F. Hamilton,John Lee,Fiction,2016,,u,Nights Dawn,
Misspent Youth,unread,12.700000,Peter F. Hamilton,Steven Crossley,Fiction,2016,,u,Commonwealth Saga,
One Minute To Midnight,read,16.383333,Michael Dobbs,Bob Walter,Fiction,2016,2017,u,The Cold War,3
The Men Who Stare at Goats,read,6.666667,Jon Ronson,Jon Ronson,Non-Fiction,2016,2016,u,,5
The Brain Electric,read,8.583334,Malcolm Gay,Patrick Lawlor,Non-Fiction,2016,2016,u,,4
The Neutronium Alchemist,unread,40.349998,Peter F. Hamilton,John Lee,Fiction,2016,,u,Nights Dawn,
Bucky Fucking Dent,read,6.300000,David Duchovny,David Duchovny,Fiction,2016,2016,u,,5
Half-Earth,read,6.850000,Edward O.Wilson,Jonathan Hogan,Non-Fiction,2016,2016,u,,5
Blind Faith,unread,10.100000,Ben Elton,Glen McCready,Fiction,2016,,u,,
What the F,read,8.750000,Benjamin K. Bergen,Benjamin K. Bergen,Non-Fiction,2016,2016,u,,4
A Short History Of Nearly Everything - Abridged,read,5.650000,Bill Bryson,Bill Bryson,Non-Fiction,2016,2016,a,,6
A Life in Parts,unread,8.866668,Bryan Cranston,Bryan Cranston,Non-Fiction,2016,,u,Memoirs,
Kitchen Confidential,unread,8.000000,Anthony Bourdain,Anthony Bourdain,Non-Fiction,2016,,u,Memoirs,
The Elephant in the Room,read,1.800000,Jon Ronson,Jon Ronson,Non-Fiction,2016,2016,u,,5
Zombie Spaceship Wasteland,read,3.516667,Patton Oswalt,Patton Oswalt,Non-Fiction,2016,2016,u,,2
The Count of Monte Cristo,read,46.916664,Alexandre Dumas,John Lee,Fiction,2016,2017,u,,5
Born a Crime,unread,8.816667,Trevor Noah,Trevor Noah,Non-Fiction,2016,,u,Memoirs,
Ordinary Men,read,9.433333,Christopher R. Browning,Stefan Rudnicki,Non-Fiction,2017,2017,u,WWII,5
Phenomena,read,17.583334,Annie Jacobsen,Annie Jacobsen,Non-Fiction,2017,2017,u,,5
Theft by Finding,read,13.866668,David Sedaris,David Sedaris,Non-Fiction,2017,2017,u,Memoirs,5
Life On Air,unread,19.433334,David Attenborough,David Attenborough,Non-Fiction,2017,,u,Memoir,
The Butterfly Effect,read,3.450000,Jon Ronson,Jon Ronson,Non-Fiction,2017,2017,u,,6
Fatal Flight,read,4.600000,Bill Hammack,Bill Hammack,Non-Fiction,2017,2017,u,,5